-- phpMyAdmin SQL Dump
-- version 3.2.4
-- http://www.phpmyadmin.net
--
-- Host: localhost
-- Generation Time: Mar 19, 2014 at 12:51 PM
-- Server version: 5.1.41
-- PHP Version: 5.3.1

SET SQL_MODE="NO_AUTO_VALUE_ON_ZERO";


/*!40101 SET @OLD_CHARACTER_SET_CLIENT=@@CHARACTER_SET_CLIENT */;
/*!40101 SET @OLD_CHARACTER_SET_RESULTS=@@CHARACTER_SET_RESULTS */;
/*!40101 SET @OLD_COLLATION_CONNECTION=@@COLLATION_CONNECTION */;
/*!40101 SET NAMES utf8 */;

--
-- Database: `dms`
--

-- --------------------------------------------------------

--
-- Table structure for table `bieumau`
--

CREATE TABLE IF NOT EXISTS `bieumau` (
  `MaBM` int(11) NOT NULL AUTO_INCREMENT,
  `TenBM` varchar(50) CHARACTER SET utf8 NOT NULL,
  `NgayBanHanh` date NOT NULL,
  `MaPB` int(11) NOT NULL,
  `File` varchar(100) CHARACTER SET utf8 NOT NULL,
  PRIMARY KEY (`MaBM`)
) ENGINE=MyISAM  DEFAULT CHARSET=latin1 AUTO_INCREMENT=3 ;

--
-- Dumping data for table `bieumau`
--

INSERT INTO `bieumau` (`MaBM`, `TenBM`, `NgayBanHanh`, `MaPB`, `File`) VALUES
(1, 'Đơn xin nghỉ phép', '2000-11-14', 1, 'donxinphep.doc'),
(2, 'Giấy chứng nhận', '2000-11-06', 3, 'giaychungnhan.doc');

-- --------------------------------------------------------

--
-- Table structure for table `chitietnhan`
--

CREATE TABLE IF NOT EXISTS `chitietnhan` (
  `MaDK` int(11) NOT NULL,
  `manv` int(11) NOT NULL,
  `TrangThai` int(11) NOT NULL
) ENGINE=MyISAM DEFAULT CHARSET=latin1;

--
-- Dumping data for table `chitietnhan`
--

INSERT INTO `chitietnhan` (`MaDK`, `manv`, `TrangThai`) VALUES
(1, 6, 1),
(2, 18, 1),
(3, 7, 1),
(4, 10, 1),
(5, 14, 1),
(6, 4, 1),
(7, 9, 1),
(8, 12, 1),
(9, 13, 1),
(10, 10, 1),
(11, 19, 1),
(12, 14, 1),
(13, 10, 1),
(14, 8, 1),
(15, 12, 1),
(16, 18, 1),
(17, 9, 1),
(18, 18, 1),
(19, 9, 1),
(20, 13, 1),
(21, 12, 1),
(22, 15, 1),
(23, 15, 1),
(24, 3, 1),
(25, 15, 1),
(26, 12, 1),
(27, 17, 1),
(28, 11, 1),
(29, 15, 1),
(30, 10, 1),
(31, 10, 1),
(32, 12, 1),
(33, 19, 1),
(34, 8, 1),
(35, 20, 1),
(36, 12, 1),
(37, 3, 1),
(38, 3, 1),
(39, 7, 1),
(40, 14, 1),
(41, 7, 1),
(42, 23, 1),
(43, 14, 1),
(44, 17, 1),
(45, 29, 1),
(46, 20, 1),
(47, 13, 1),
(48, 15, 1),
(49, 15, 1),
(50, 15, 1),
(51, 6, 1),
(52, 17, 1),
(53, 25, 1),
(54, 22, 1),
(55, 3, 1),
(56, 23, 1),
(57, 30, 1),
(58, 28, 1),
(59, 31, 1),
(60, 24, 1),
(61, 26, 1),
(62, 18, 1),
(63, 31, 1),
(64, 4, 1),
(65, 15, 1),
(66, 23, 1),
(67, 10, 1),
(68, 5, 1),
(69, 6, 1),
(70, 1, 1),
(71, 9, 1),
(72, 21, 1),
(73, 26, 1),
(74, 26, 1),
(75, 11, 1),
(76, 8, 1),
(77, 6, 1),
(78, 6, 1),
(79, 14, 1),
(80, 30, 1),
(81, 2, 1),
(82, 18, 1),
(83, 26, 1),
(84, 26, 1),
(85, 23, 1),
(86, 3, 1),
(87, 29, 1),
(88, 3, 1),
(89, 29, 1),
(90, 13, 1),
(91, 22, 1),
(92, 16, 1),
(93, 3, 1),
(94, 22, 1),
(95, 11, 1),
(96, 19, 1),
(97, 12, 1),
(98, 17, 1),
(99, 5, 1),
(100, 6, 1),
(101, 12, 1),
(102, 18, 1),
(103, 19, 1),
(104, 11, 1),
(105, 10, 1),
(106, 13, 1),
(107, 23, 1),
(108, 9, 1),
(109, 9, 1),
(110, 23, 1),
(111, 6, 1),
(112, 12, 1),
(113, 7, 1),
(114, 9, 1),
(115, 6, 1),
(116, 6, 1),
(117, 21, 1),
(118, 7, 1),
(119, 15, 1),
(120, 6, 1),
(121, 17, 1),
(122, 12, 1),
(123, 19, 1),
(124, 17, 1),
(125, 15, 1),
(126, 30, 1),
(127, 4, 1),
(128, 20, 1),
(129, 23, 1),
(130, 15, 1),
(131, 12, 1),
(132, 15, 1),
(133, 15, 1),
(134, 4, 1),
(135, 16, 1),
(136, 8, 1),
(137, 10, 1),
(138, 20, 1),
(139, 14, 1),
(140, 9, 1),
(141, 12, 1),
(142, 7, 1),
(143, 11, 1),
(144, 10, 1),
(145, 12, 1),
(146, 10, 1),
(147, 12, 1),
(148, 19, 1),
(149, 16, 1),
(150, 18, 1),
(151, 17, 1),
(152, 15, 1),
(153, 14, 1),
(154, 13, 1),
(155, 16, 1),
(156, 16, 1),
(157, 5, 1),
(158, 12, 1),
(159, 16, 1),
(160, 10, 1),
(161, 12, 1),
(162, 15, 1),
(163, 14, 1),
(164, 8, 1),
(165, 16, 1),
(166, 7, 1),
(167, 6, 1),
(168, 11, 1),
(169, 20, 1),
(170, 13, 1),
(171, 12, 1),
(172, 6, 1),
(173, 4, 1),
(174, 15, 1),
(175, 14, 1),
(176, 13, 1),
(177, 10, 1),
(178, 13, 1),
(179, 1, 1),
(1, 14, 1),
(2, 17, 1),
(3, 19, 1),
(4, 17, 1),
(5, 8, 1),
(6, 12, 1),
(7, 15, 1),
(8, 6, 1),
(9, 8, 1),
(10, 12, 1),
(11, 13, 1),
(12, 7, 1),
(13, 15, 1),
(14, 10, 1),
(15, 2, 1),
(16, 13, 1),
(17, 19, 1),
(18, 17, 1),
(19, 13, 1),
(20, 2, 1),
(21, 9, 1),
(22, 5, 1),
(23, 10, 1),
(24, 10, 1),
(25, 13, 1),
(26, 8, 1),
(27, 9, 1),
(28, 15, 1),
(29, 10, 1),
(30, 14, 1),
(31, 15, 1),
(32, 4, 1),
(33, 16, 1),
(34, 15, 1),
(35, 12, 1),
(36, 0, 1),
(37, 8, 1),
(38, 5, 1),
(39, 11, 1),
(40, 8, 1),
(41, 12, 1),
(42, 22, 1),
(43, 12, 1),
(44, 8, 1),
(45, 18, 1),
(46, 13, 1),
(47, 9, 1),
(48, 4, 1),
(49, 10, 1),
(50, 4, 1),
(51, 16, 1),
(52, 7, 1),
(53, 24, 1),
(54, 10, 1),
(55, 7, 1),
(56, 15, 1),
(57, 27, 1),
(58, 22, 1),
(59, 28, 1),
(60, 18, 1),
(61, 23, 1),
(62, 11, 1),
(63, 21, 1),
(64, 5, 1),
(65, 4, 1),
(66, 13, 1),
(67, 15, 1),
(68, 11, 1),
(69, 17, 1),
(70, 9, 1),
(71, 14, 1),
(72, 13, 1),
(73, 16, 1),
(74, 14, 1),
(75, 18, 1),
(76, 18, 1),
(77, 15, 1),
(78, 9, 1),
(79, 13, 1),
(80, 28, 1),
(81, 9, 1),
(82, 17, 1),
(83, 25, 1),
(84, 15, 1),
(85, 16, 1),
(86, 8, 1),
(87, 25, 1),
(88, 11, 1),
(89, 18, 1),
(90, 8, 1),
(91, 11, 1),
(92, 13, 1),
(93, 10, 1),
(94, 16, 1),
(95, 20, 1),
(96, 11, 1),
(97, 0, 1),
(98, 15, 1),
(99, 14, 1),
(100, 7, 1),
(101, 8, 1),
(102, 8, 1),
(103, 10, 1),
(104, 19, 1),
(105, 15, 1),
(106, 10, 1),
(107, 11, 1),
(108, 18, 1),
(109, 10, 1),
(110, 13, 1),
(111, 13, 1),
(112, 4, 1),
(113, 18, 1),
(114, 21, 1),
(115, 12, 1),
(116, 8, 1),
(117, 14, 1),
(118, 19, 1),
(119, 11, 1),
(120, 14, 1),
(121, 15, 1),
(122, 8, 1),
(123, 11, 1),
(124, 7, 1),
(125, 13, 1),
(126, 27, 1),
(127, 9, 1),
(128, 11, 1),
(129, 22, 1),
(130, 6, 1),
(131, 3, 1),
(132, 11, 1),
(133, 9, 1),
(134, 10, 1),
(135, 11, 1),
(136, 17, 1),
(137, 19, 1),
(138, 19, 1),
(139, 6, 1),
(140, 11, 1),
(141, 3, 1),
(142, 18, 1),
(143, 21, 1),
(144, 22, 1),
(145, 3, 1),
(146, 14, 1),
(147, 0, 1),
(148, 11, 1),
(149, 6, 1),
(150, 12, 1),
(151, 9, 1),
(152, 8, 1),
(153, 13, 1),
(154, 5, 1),
(155, 6, 1),
(156, 7, 1),
(157, 10, 1),
(158, 9, 1),
(159, 13, 1),
(160, 14, 1),
(161, 4, 1),
(162, 5, 1),
(163, 9, 1),
(164, 9, 1),
(165, 15, 1),
(166, 18, 1),
(167, 13, 1),
(168, 22, 1),
(169, 14, 1),
(170, 8, 1),
(171, 0, 1),
(172, 13, 1),
(173, 7, 1),
(174, 5, 1),
(175, 12, 1),
(176, 2, 1),
(177, 18, 1),
(178, 8, 1),
(179, 4, 1);

-- --------------------------------------------------------

--
-- Table structure for table `chitietphanquyen`
--

CREATE TABLE IF NOT EXISTS `chitietphanquyen` (
  `manhanvien` int(11) NOT NULL,
  `maquyen` int(11) NOT NULL,
  `ghichu` varchar(100) NOT NULL
) ENGINE=MyISAM DEFAULT CHARSET=latin1;

--
-- Dumping data for table `chitietphanquyen`
--

INSERT INTO `chitietphanquyen` (`manhanvien`, `maquyen`, `ghichu`) VALUES
(1, 1, ''),
(1, 2, ''),
(1, 3, ''),
(1, 4, ''),
(1, 5, ''),
(1, 6, ''),
(1, 7, ''),
(1, 8, ''),
(1, 9, ''),
(1, 11, ''),
(1, 12, ''),
(1, 13, ''),
(1, 14, ''),
(1, 15, ''),
(1, 16, ''),
(1, 17, ''),
(1, 18, ''),
(1, 19, ''),
(1, 20, ''),
(1, 31, ''),
(1, 32, ''),
(1, 33, ''),
(1, 34, ''),
(1, 35, ''),
(1, 36, ''),
(3, 2, ''),
(2, 36, ''),
(2, 35, ''),
(2, 34, ''),
(2, 33, ''),
(2, 32, ''),
(2, 31, ''),
(2, 20, ''),
(2, 19, ''),
(2, 17, ''),
(2, 12, ''),
(2, 11, ''),
(2, 10, ''),
(2, 9, ''),
(2, 7, ''),
(2, 3, ''),
(3, 1, ''),
(3, 2, ''),
(2, 2, ''),
(3, 4, ''),
(3, 5, ''),
(3, 7, ''),
(3, 6, ''),
(3, 8, ''),
(3, 9, ''),
(3, 11, ''),
(3, 12, ''),
(3, 13, ''),
(3, 14, ''),
(3, 15, ''),
(3, 16, ''),
(3, 17, ''),
(3, 18, ''),
(3, 3, ''),
(3, 20, ''),
(3, 33, ''),
(3, 31, ''),
(2, 1, ''),
(17, 37, ''),
(17, 1, ''),
(17, 3, ''),
(17, 2, ''),
(17, 4, ''),
(17, 5, ''),
(17, 6, ''),
(17, 7, ''),
(17, 8, ''),
(17, 9, ''),
(17, 11, ''),
(17, 12, ''),
(17, 13, ''),
(17, 14, ''),
(17, 15, ''),
(17, 16, ''),
(17, 17, ''),
(17, 18, ''),
(17, 19, ''),
(17, 20, ''),
(17, 36, ''),
(17, 35, ''),
(17, 34, ''),
(17, 33, ''),
(17, 32, ''),
(17, 31, ''),
(17, 10, ''),
(3, 10, '');

-- --------------------------------------------------------

--
-- Table structure for table `chucvu`
--

CREATE TABLE IF NOT EXISTS `chucvu` (
  `MaCV` int(8) NOT NULL AUTO_INCREMENT,
  `TenChucVu` varchar(50) CHARACTER SET utf8 NOT NULL,
  PRIMARY KEY (`MaCV`)
) ENGINE=MyISAM  DEFAULT CHARSET=latin1 AUTO_INCREMENT=3 ;

--
-- Dumping data for table `chucvu`
--

INSERT INTO `chucvu` (`MaCV`, `TenChucVu`) VALUES
(1, 'trưởng phòng'),
(2, 'nhân viên');

-- --------------------------------------------------------

--
-- Table structure for table `congvan`
--

CREATE TABLE IF NOT EXISTS `congvan` (
  `MaDK` int(11) NOT NULL AUTO_INCREMENT,
  `SoKH` varchar(50) CHARACTER SET utf8 NOT NULL,
  `NgayVB` date NOT NULL,
  `NgayHH` date NOT NULL,
  `NguoiGui` varchar(50) CHARACTER SET utf8 NOT NULL,
  `NguoiXuLy` varchar(50) CHARACTER SET utf8 NOT NULL,
  `SoTrang` int(11) NOT NULL,
  `TrichYeu` varchar(50) CHARACTER SET utf8 NOT NULL,
  `DoKhan` int(11) NOT NULL,
  `DoMat` int(11) NOT NULL,
  `TacGia` varchar(50) CHARACTER SET utf8 NOT NULL,
  `LoaiCV` int(11) NOT NULL,
  `isFile` int(11) NOT NULL,
  `Active` int(11) NOT NULL,
  PRIMARY KEY (`MaDK`)
) ENGINE=MyISAM  DEFAULT CHARSET=latin1 AUTO_INCREMENT=180 ;

--
-- Dumping data for table `congvan`
--

INSERT INTO `congvan` (`MaDK`, `SoKH`, `NgayVB`, `NgayHH`, `NguoiGui`, `NguoiXuLy`, `SoTrang`, `TrichYeu`, `DoKhan`, `DoMat`, `TacGia`, `LoaiCV`, `isFile`, `Active`) VALUES
(1, 'EG721', '2013-07-02', '2013-08-01', '13', '1', 2, 'Số: 24/BC-ĐHCNTT v/v Báo cáo công tác tháng 01, 02', 1, 1, '', 1, 1, 1),
(2, 'MP059', '2013-01-24', '2013-02-17', '30', '20', 1, 'Số: 159/BC-ĐHCNTT báo cáo công tác tháng 12 năm họ', 1, 1, '', 1, 1, 1),
(3, 'OA382', '2013-10-15', '2013-11-01', '21', '15', 3, 'Số 137/BC-ĐHCNTT báo cáo công tác tháng 11 năm học', 1, 1, '', 1, 1, 1),
(4, 'RM889', '2013-11-24', '2013-12-05', '3', '8', 5, 'Số:66/BC-ĐHCNTT ngày 20/6/2012 về việc Báo cáo côn', 1, 1, '', 1, 1, 1),
(5, 'EX615', '2012-05-17', '2012-06-08', '2', '10', 2, 'Số:53/BC-ĐHCNTT ngày 20/5/2012 Báo cáo công tác th', 1, 1, '', 1, 1, 1),
(6, 'RL520', '2013-05-26', '2013-06-21', '5', '12', 3, 'Số:39/BC-ĐHCNTT báo cáo Công tác của trường ĐHCNTT', 1, 1, '', 1, 1, 1),
(7, 'GX269', '2012-12-13', '2013-01-07', '23', '18', 4, 'Số:17/BC-ĐHCNTT Báo cáo công tác tháng 02 năm 2012', 1, 1, '', 1, 1, 1),
(8, 'SR933', '2012-08-14', '2012-09-10', '8', '13', 5, 'Số:07/BC-ĐHCNTT Báo cáo công tác tháng 01 năm 2012', 1, 1, '', 1, 1, 1),
(9, 'WR357', '2012-12-21', '2013-01-02', '12', '5', 2, 'Số:174/BC-ĐHCNTT Báo cáo công tác tháng 12 năm 201', 1, 1, '', 1, 1, 1),
(10, 'GI711', '2013-12-22', '2014-01-15', '18', '9', 3, 'Số 160/BC-ĐHCNTT ngày 20/11/2011 Báo cáo công tác ', 1, 1, '', 1, 1, 1),
(11, 'TC800', '2013-10-08', '2013-10-20', '19', '9', 3, 'Số:138/BC-ĐHCNTT ngày 21/9/2011 v/v báo cáo tổng k', 1, 2, '', 1, 1, 1),
(12, 'KU557', '2013-05-21', '2013-06-07', '2', '7', 2, 'Số:147/BC-ĐHCNTT ngày 20/10/2011 v/v Báo cáo công ', 1, 2, '', 1, 1, 1),
(13, 'XU297', '2012-01-16', '2012-01-28', '2', '6', 5, 'Số:139/BC-ĐHCNTT ngày 20/9/2011 báo cáo công tác t', 1, 2, '', 1, 1, 1),
(14, 'HM105', '2013-03-03', '2013-03-26', '1', '7', 2, 'Số 119/BC-ĐHCNTT ngày 20/8/2011 Báo cáo công tác t', 1, 2, '', 1, 1, 1),
(15, 'KY657', '2012-08-27', '2012-09-23', '19', '7', 2, 'Số 111/BC-ĐHCNTT ngày 20/7/2011 Báo cáo công tác t', 1, 2, '', 1, 1, 1),
(16, 'LT332', '2013-08-20', '2013-09-01', '30', '24', 3, '87/BC-ĐHCNTT ngày 20/6/2011 Báo cáo công tác tháng', 1, 2, '', 1, 1, 1),
(17, 'ZD525', '2013-01-15', '2013-02-09', '9', '20', 3, '76/BC-ĐHCNTT ngày 19/5/2011 Báo cáo công tác tháng', 1, 2, '', 1, 1, 1),
(18, 'RC948', '2012-04-04', '2012-05-05', '10', '19', 4, '54/BC-ĐHCNTT ngày 20/4/2011 Báo cáo công tác tháng', 1, 2, '', 1, 1, 1),
(19, 'UD025', '2013-04-11', '2013-05-05', '14', '8', 2, '44/BC-ĐHCNTT ngày 19/3/2011 Báo cáo công tác tháng', 1, 2, '', 1, 1, 1),
(20, 'DB051', '2012-04-23', '2012-05-04', '23', '11', 3, 'Số 31/BC-ĐHCNTT ngày 19/02/2011 Báo cáo công tác t', 1, 2, '', 1, 1, 1),
(21, 'XU335', '2012-05-24', '2012-06-04', '3', '15', 5, 'Số: 138/KH-ĐHCNTT ngày 04/10/2011 V/v tổ chức đại ', 1, 3, '', 1, 1, 1),
(22, 'KT386', '2013-12-07', '2013-12-16', '1', '6', 3, 'Số:144/KH-ĐHCNTT ngày 13/11/2010 Kế hoạch tổ chức ', 1, 3, '', 1, 1, 1),
(23, 'PD397', '2013-01-01', '2013-01-26', '27', '22', 4, 'Số:143/ĐHCNTT-HCTH ngày 02/11/2010 Lịch duyệt kế h', 1, 3, '', 1, 1, 1),
(24, 'UD228', '2013-04-19', '2013-04-29', '9', '15', 5, 'Số:131/KH-ĐHCNTT ngày 07/10/2010 Kê hoạch triển kh', 1, 3, '', 1, 1, 1),
(25, 'ZU212', '2012-05-05', '2012-05-29', '11', '21', 3, 'Số:134/KH-ĐHCNTT ngày 20/10/2010 kế hoạch triển kh', 1, 3, '', 1, 1, 1),
(26, 'PW052', '2012-03-06', '2012-03-15', '22', '11', 2, 'Số:133/KH-ĐHCNTT ngày 20/10/2010 Hội thi Thiết kế ', 1, 3, '', 1, 1, 1),
(27, 'WM267', '2013-01-23', '2013-02-22', '19', '8', 4, 'Số:533/QĐ-ĐHCNTT Thành lập BCĐ lấy ý kiến phản hồi', 1, 3, '', 1, 1, 1),
(28, 'IO133', '2013-12-03', '2013-12-31', '15', '4', 3, 'Số:25/KH-ĐHCNTT ngày 10/10/2010 Tổ chức Hội thao v', 1, 3, '', 1, 1, 1),
(29, 'UT201', '2013-08-18', '2013-09-11', '27', '19', 3, 'Số:65/BC-ĐHCNTT ngày 23/6/2010 Báo cáo công tác th', 1, 3, '', 1, 1, 1),
(30, 'LZ701', '2013-07-06', '2013-07-30', '19', '14', 1, 'Số:05-NQ/GDĐT ngày 06/01/2010 của BCSĐ Bộ GDĐT về ', 1, 3, '', 1, 1, 1),
(31, 'MB262', '2012-04-06', '2012-04-14', '27', '16', 4, 'Số:33/KH-ĐTN ngày18/5/2009 của BCH Đoàn trường(KH ', 2, 1, '', 1, 1, 1),
(32, 'RJ948', '2013-01-06', '2013-01-21', '21', '17', 5, 'Số:31/KH-ĐTN ngày18/5/2009 của BCH Đoàn trường(KH ', 2, 1, '', 1, 1, 1),
(33, 'KW872', '2013-03-21', '2013-03-28', '27', '20', 2, 'Số:660-QĐ/TU ngày 04/5/2009 Quy định cử CB đào tạo', 2, 1, '', 1, 1, 1),
(34, 'MJ143', '2013-11-04', '2013-11-20', '10', '18', 2, 'Số:01-BC/BDV ngày 12/01/2009 Báo cáo công tác Dân ', 2, 1, '', 1, 1, 1),
(35, 'JI164', '2013-11-07', '2013-11-28', '14', '10', 2, 'Biên bản họp BCĐ công tác Tín chỉ hóa sơ kết bước ', 2, 1, '', 1, 1, 1),
(36, 'GH563', '2012-07-07', '2012-07-26', '18', '14', 1, '1482/KH-ĐHCNTT Kế hoạch nghỉ Tết Kỷ Sửu 2009', 2, 1, '', 1, 1, 1),
(37, 'WM691', '2012-06-14', '2012-07-12', '20', '15', 4, 'Số:13/2007/TT-BYT ngày 21/11/2007 Thông tư Hướng d', 2, 1, '', 1, 1, 1),
(38, 'NL197', '2013-10-16', '2013-10-23', '23', '13', 4, 'Mẫu giấy xác nhận và giấy cam kết trả nợ vay tín d', 2, 1, '', 1, 1, 1),
(39, 'HV281', '2013-05-18', '2013-05-30', '13', '2', 5, 'Số:433/KĐCL-ĐHCNTT. 22/4/2008 Kế hoạch tự đánh giá', 2, 1, '', 1, 1, 1),
(40, 'ZW306', '2013-04-11', '2013-05-03', '27', '21', 2, 'Số:420/KH- ĐHCNTT, 24/4/2008 Kế hoạch thực hành ti', 2, 1, '', 1, 1, 1),
(41, 'ZK951', '2013-12-14', '2014-01-08', '28', '17', 2, 'Về việc góp ý cho Qui chế chi tiêu nội bộ thực hiệ', 2, 2, '', 1, 1, 1),
(42, 'HW808', '2012-12-03', '2012-12-27', '4', '11', 4, 'Số:325/TB-ĐHCNTT ngày 26/10 thông báo v/v thu học ', 2, 2, '', 1, 1, 1),
(43, 'LN343', '2013-01-14', '2013-01-25', '20', '16', 4, 'Số:232/TB-ĐHCNTT ngày 17/8/2011 v/v thu học phí đạ', 2, 2, '', 1, 1, 1),
(44, 'JK537', '2012-06-21', '2012-07-09', '13', '7', 4, '175/2011/KT-ĐHCNTT v/v điều động CB, GV, CNV tham ', 2, 2, '', 1, 1, 1),
(45, 'ZM717', '2013-05-17', '2013-05-25', '0', 'DHQG', 5, 'Số 30/TB-ĐHCNTT Thông báo về việc thu học phí ĐH c', 2, 2, '', 0, 1, 1),
(46, 'KB531', '2012-05-20', '2012-06-12', '0', 'DHAG', 1, 'Số 29/TB-ĐHCNTT Thông báo về việc sửa đổi, bổ sung', 2, 2, '', 0, 1, 1),
(47, 'RV613', '2013-03-02', '2013-04-02', '0', 'UBND', 5, 'Số 28/TB-ĐHCNTT Thông báo về việc chứng từ thanh t', 2, 2, '', 0, 1, 1),
(48, 'CW515', '2012-10-12', '2012-11-01', '0', 'DHQT', 1, 'Thông báo công khai dự toán ngân sách được giao và', 2, 2, '', 0, 1, 1),
(49, 'FV161', '2013-12-01', '2013-12-24', '0', 'DHBK', 3, 'Số 195/TB-STC Thông báo thẩm định quyết toán ngân ', 2, 2, '', 0, 1, 1),
(50, 'ZE255', '2013-01-04', '2013-01-17', '0', 'DHKHTN', 2, 'Số 312/TB-ĐHCNTT thông báo về việc Bảo hiểm con ng', 2, 2, '', 0, 1, 1),
(51, 'NH004', '2012-10-21', '2012-11-14', '0', 'DHNL', 3, 'Số:299/TB-ĐHCNTT ngày 02/12/2010 V/v thanh toán và', 2, 3, '', 0, 1, 1),
(52, 'DH266', '2012-09-07', '2012-10-04', '0', 'DHQG', 5, 'Danh bạ điện thoại Trưởng các đơn vị và cá nhân củ', 2, 3, '', 0, 1, 1),
(53, 'BK105', '2012-11-23', '2012-12-18', '0', 'UBND', 2, '665/TB-BGDĐT ngày 26/10/2010 Thông báo tuyển sinh ', 2, 3, '', 0, 1, 1),
(54, 'YO797', '2012-05-06', '2012-06-05', '0', 'DHQT', 3, '665/TB-BGDĐT ngày 26/10/2010 Thông báo tuyển sinh ', 2, 3, '', 0, 1, 1),
(55, 'IP484', '2012-01-05', '2012-01-26', '0', 'DHBK', 5, '665/TB-BGDĐT ngày 26/10/2010 Thông báo tuyển sinh ', 2, 3, '', 0, 1, 1),
(56, 'ON774', '2013-04-06', '2013-04-23', '0', 'DHKHTN', 3, 'Số:249/TB-ĐHCNTT ngày 13/10/2010 Thông báo V/v đăn', 2, 3, '', 0, 1, 1),
(57, 'LB938', '2012-07-16', '2012-08-15', '0', 'DHNL', 5, 'Số:130/ĐHCNTT ngày 04/6/2010 Thông báo việc đổi th', 2, 3, '', 0, 1, 1),
(58, 'RX082', '2013-12-23', '2014-01-15', '0', 'DHQG', 4, '67/QĐ-ĐHCNTT về việc ban hành Danh mục các biểu mẫ', 2, 3, '', 0, 1, 1),
(59, 'GI095', '2012-01-19', '2012-02-06', '0', 'UBND', 1, 'Các quyết định từ 63 đến 66 v/v ban hành các quy đ', 2, 3, '', 0, 1, 1),
(60, 'VG421', '2013-03-03', '2013-04-03', '0', 'DHQT', 3, 'Số 432/QĐ-ĐHCNTT ngày 01/11/2013 Quyết định về việ', 2, 3, '', 0, 1, 1),
(61, 'WP474', '2012-03-14', '2012-04-14', '0', 'UBND', 3, 'Số 489/QĐ-ĐHCNTT ngày 18/12/2013 Quyết định về việ', 3, 1, '', 0, 1, 1),
(62, 'HK475', '2012-03-24', '2012-04-07', '0', 'DHQT', 1, 'Số 266/QĐ-UBND Quy định việc thực hiện biện pháp đ', 3, 1, '', 0, 1, 1),
(63, 'QQ327', '2012-04-19', '2012-05-08', '0', 'DHBK', 2, 'Quy chế về công tác Thi đua-Khen thưởng của Trường', 3, 1, '', 0, 1, 1),
(64, 'SY083', '2013-03-23', '2013-03-31', '0', 'DHKHTN', 4, 'Số:212/QĐ-ĐHCNTT ngày 24/10/2011 Quyết định v/v qu', 3, 1, '', 0, 1, 1),
(65, 'RJ101', '2012-12-17', '2013-01-01', '0', 'DHNL', 1, 'Số:182/QĐ-ĐHCNTT quyết định v/v quy định mức thu h', 3, 1, '', 0, 1, 1),
(66, 'JM775', '2013-07-17', '2013-08-13', '0', 'DHQG', 3, 'Số:115/QĐ-ĐHCNTT ngày 24/5/2010 Ban hành Quy chế s', 3, 1, '', 0, 1, 1),
(67, 'RE636', '2013-06-15', '2013-07-01', '0', 'UBND', 5, 'Số:10-QĐ/TU ngày 18/9/2009 Quy định về việc tổ chứ', 3, 1, '', 0, 1, 1),
(68, 'TB534', '2013-10-14', '2013-11-06', '0', 'DHQT', 2, 'Số:11-QĐ/TU ngày 18/9/2009 Quy định đối tượng khám', 3, 1, '', 0, 1, 1),
(69, 'OI560', '2013-07-25', '2013-08-23', '0', 'DHBK', 3, 'Quy định tạm thời sử dụng phòng học', 3, 1, '', 0, 1, 1),
(70, 'YI152', '2013-12-11', '2013-12-25', '0', 'DHKHTN', 5, 'Số:450/QĐ-ĐHCNTT ngày 20/4/2009 HD quy định QL hoạ', 3, 1, '', 0, 1, 1),
(71, 'DG325', '2013-03-15', '2013-03-28', '0', 'DHNL', 4, 'Số:297/QĐ-ĐHCNTT ngày 09/3/2009 Quy định về công t', 3, 2, '', 0, 1, 1),
(72, 'LW387', '2012-06-13', '2012-07-07', '0', 'DHQG', 3, 'Số:286/QĐ-ĐHCNTT ngày 06/3/2009 Quy chế ĐH-CĐ hệ c', 3, 2, '', 0, 1, 1),
(73, 'DN073', '2013-10-19', '2013-11-16', '0', 'UBND', 2, 'Số 64/2008/QĐ-BGDĐT ngày 28/11/2008 Ban hành Quy đ', 3, 2, '', 0, 1, 1),
(74, 'WU757', '2013-01-22', '2013-02-12', '0', 'DHQT', 5, 'Số:34/2008/QĐ-UBND ngày 04/9/2008 Quy định về TC&H', 3, 2, '', 0, 1, 1),
(75, 'AX451', '2012-01-08', '2012-01-30', '0', 'UBND', 1, 'Số:53/2008/QĐ-BGDĐT ngày 18/9/2008 Quy định việc đ', 3, 2, '', 0, 1, 1),
(76, 'HE227', '2012-01-21', '2012-01-30', '0', 'UBND', 2, 'Số:1142/QĐ-ĐHCNTT ngày 29/9/2008 Quy trình thủ tục', 3, 2, '', 0, 1, 1),
(77, 'AT869', '2013-06-16', '2013-07-09', '0', 'DHQT', 2, 'Số:30/2008/QĐ-BGDĐT ngày 06/6/2008 Quyết định ban ', 3, 2, '', 0, 1, 1),
(78, 'ZZ708', '2012-03-04', '2012-03-13', '0', 'DHBK', 1, 'Số: 11/BC ngày 20/01/2011 Báo cáo công tác tháng 0', 3, 2, '', 0, 1, 1),
(79, 'RT787', '2012-05-11', '2012-06-11', '0', 'DHKHTN', 4, 'Số:170/BC-ĐHCNTT ngày 20/12/2010 Báo cáo công tác ', 3, 2, '', 0, 1, 1),
(80, 'CH442', '2013-07-22', '2013-08-01', '0', 'DHNL', 5, 'Số:148/BC-ĐHCNTT ngày 22/11/2010 Báo cáo công tác ', 3, 2, '', 0, 1, 1),
(81, 'NI140', '2012-11-12', '2012-11-29', '0', 'DHQG', 5, 'Số:136/BC ngày 20/10/2010 báo cáo công tác tháng 1', 3, 3, '', 0, 1, 1),
(82, 'TM181', '2013-06-24', '2013-07-12', '0', 'UBND', 5, 'Số:115/BC-ĐHCNTT ngày 19/9/2010 Báo cáo công tác t', 3, 3, '', 0, 1, 1),
(83, 'MV178', '2012-03-27', '2012-04-21', '0', 'DHQT', 5, 'Số:245/CV-ĐHCNTT, 13/3/08 Bố trí phương tiện và cử', 3, 3, '', 0, 1, 1),
(84, 'AC426', '2012-07-21', '2012-08-12', '0', 'UBND', 5, 'Mẫu Giấy đề nghị tạm ứng.', 3, 3, '', 0, 1, 1),
(85, 'YX639', '2013-12-06', '2014-01-03', '0', 'DHQT', 3, 'Mẫu Giấy đề nghị thanh toán.', 3, 3, '', 0, 1, 1),
(86, 'FV005', '2013-05-13', '2013-05-23', '0', 'DHBK', 4, 'Số 64/ĐHCNTT ngày 19/01/2008 V/v tăng cường hệ thố', 3, 3, '', 0, 1, 1),
(87, 'OV990', '2012-06-24', '2012-07-18', '0', 'DHKHTN', 5, 'Số 35/ĐHCNTT ngày 14/01/2008 V/v tăng cường công t', 3, 3, '', 0, 1, 1),
(88, 'DB449', '2013-09-11', '2013-10-08', '0', 'DHNL', 2, 'Số 36/KH-ĐHCNTT ngày 15/01/2008 Kế hoach tổ chức đ', 3, 3, '', 0, 1, 1),
(89, 'CX692', '2013-02-13', '2013-03-11', '0', 'DHQG', 1, 'Sử dụng điện thoại (02/01/2002)', 3, 3, '', 0, 1, 1),
(90, 'BU619', '2013-08-11', '2013-09-05', 'DHQG', '1', 3, 'Số 03/SNgV-LS V/v báo cáo tiếp khách nước ngoài th', 3, 3, '', 0, 1, 1),
(91, 'DC438', '2013-05-19', '2013-06-13', 'DHAG', '29', 1, 'Số 464/UBND-NC ngày 14/02/2008 tiếp Cty Tranformat', 1, 1, '', 0, 1, 1),
(92, 'MI853', '2012-08-03', '2012-08-16', 'UBND', '19', 2, 'Số:1216/UBND-KT, 10/4/08 V/v đồng ý cho thực hiện ', 1, 1, '', 0, 1, 1),
(93, 'CS807', '2012-07-05', '2012-07-14', 'DHQT', '12', 5, 'Số:1216/UBND-KT, 10/4/2008 V/v đồng ý cho thực hiệ', 1, 1, '', 0, 1, 1),
(94, 'MT096', '2012-08-22', '2012-09-22', 'DHBK', '30', 1, 'Số:1253/UBND-NC,11/4/08 V/v cho phép tiếp Đoàn viê', 1, 1, '', 0, 1, 1),
(95, 'YP928', '2013-04-16', '2013-04-27', 'DHKHTN', '14', 2, 'Số:1655/UBND-NC ngày 12/5/2008 V/v tiếp nhận TNV W', 1, 1, '', 0, 1, 1),
(96, 'HX024', '2013-07-01', '2013-07-27', 'DHNL', '22', 3, 'Số:1793/UBND-NC ngày 22/5/2008 V/v cho phép tiếp Đ', 1, 1, '', 0, 1, 1),
(97, 'NP422', '2012-03-05', '2012-03-18', 'DHQG', '6', 4, 'Số:18/TTr-UBND, 10/4/08 Tờ trình xin phép thực hiệ', 1, 1, '', 0, 1, 1),
(98, 'PU746', '2012-03-11', '2012-03-31', 'UBND', '22', 5, 'Số:181/QĐ-SNgV ngày 31/7/2008 Cho phép Nhẩn Tánh x', 1, 1, '', 0, 1, 1),
(99, 'IJ795', '2012-08-15', '2012-09-12', 'DHQT', '12', 5, 'Số:2274/UBND-NC ngày 25/6/2008 Cho phép tiếp nhận ', 1, 1, '', 0, 1, 1),
(100, 'GO037', '2012-05-02', '2012-05-23', 'DHBK', '18', 3, 'Số:2341/UBND-NC ngày 02/8/2011 v/v Tiếp tục thúc đ', 1, 1, '', 0, 1, 1),
(101, 'QZ043', '2013-02-11', '2013-03-08', 'DHKHTN', '8', 2, 'Số:2811/UBND-NC ngày 31/7/2008 Cho phép tiếp Đoán ', 1, 2, '', 0, 1, 1),
(102, 'UO803', '2013-12-26', '2014-01-25', 'DHNL', '19', 1, 'Số:2812/UBND-NC ngày 31/7/2008 Cho phép tiếp ĐH Ho', 1, 2, '', 0, 1, 1),
(103, 'ZA408', '2013-11-17', '2013-11-26', 'DHQG', '9', 3, 'Số:2910/UBND-NC ngày 06/8/2008V/v gia hạn thị thực', 1, 2, '', 0, 1, 1),
(104, 'TN009', '2013-11-26', '2013-12-10', 'UBND', '3', 5, 'Số:421/UBND-NC ngày 12/02/08 cho phép tiếp PGS.TS.', 1, 2, '', 0, 1, 1),
(105, 'HB288', '2012-11-13', '2012-11-20', 'DHQT', '18', 5, 'Số:586/UBND-NC, 25/02/08 Cho phép tiếp Đoàn CB Thá', 1, 2, '', 0, 1, 1),
(106, 'GH616', '2012-07-14', '2012-08-13', 'UBND', '7', 2, 'Số867/UBND-NC và 868/UBND-NC ngày 18/3/08 Cho phép', 1, 2, '', 0, 1, 1),
(107, 'YE060', '2013-10-12', '2013-11-10', 'DHQT', '24', 2, 'V/v tiếp đoàn Jica từ 12 - 16/01/2008', 1, 2, '', 0, 1, 1),
(108, 'RN669', '2013-04-08', '2013-04-26', 'DHBK', '21', 3, 'Số:1655/UBND-NC ngày 12/5/2008 V/v tiếp nhận TNV W', 1, 2, '', 0, 1, 1),
(109, 'MI129', '2012-12-22', '2013-01-20', 'DHKHTN', '18', 2, 'Số:1793/UBND-NC ngày 22/5/2008 V/v cho phép tiếp Đ', 1, 2, '', 0, 1, 1),
(110, 'CT694', '2012-12-17', '2013-01-13', 'DHNL', '29', 4, 'Số:181/QĐ-SNgV ngày 31/7/2008 Cho phép Nhẩn Tánh x', 1, 2, '', 0, 1, 1),
(111, 'ZK410', '2012-07-25', '2012-08-10', 'DHQG', '1', 3, 'Số:2274/UBND-NC ngày 25/6/2008 Cho phép tiếp nhận ', 1, 3, '', 0, 1, 1),
(112, 'BM271', '2012-02-17', '2012-03-16', 'UBND', '5', 1, 'Số:2811/UBND-NC ngày 31/7/2008 Cho phép tiếp Đoán ', 1, 3, '', 0, 1, 1),
(113, 'NK909', '2013-07-23', '2013-08-13', 'DHQT', '5', 1, 'Số:2812/UBND-NC ngày 31/7/2008 Cho phép tiếp ĐH Ho', 1, 3, '', 0, 1, 1),
(114, 'VG561', '2012-11-23', '2012-12-15', 'DHBK', '1', 4, 'Số:16554/UBND-NC ngày 12/5/2008 V/v tiếp nhận TNV ', 1, 3, '', 0, 1, 1),
(115, 'CP217', '2012-01-27', '2012-02-08', 'DHKHTN', '17', 3, 'Số:1233/UBND-NC ngày 22/5/2008 Tiếp thị thực tập', 1, 3, '', 0, 1, 1),
(116, 'RY256', '2012-06-18', '2012-06-27', 'DHNL', '17', 5, 'Số:123/QĐ-SNgV ngày 31/7/2008 Cho phép Nhẩn Tánh x', 1, 3, '', 0, 1, 1),
(117, 'LX821', '2013-04-28', '2013-05-25', 'DHQG', '29', 3, 'Số:1114/UBND-NC ngày 25/6/2008 Cho phép tiếp nhận ', 1, 3, '', 0, 1, 1),
(118, 'KD963', '2013-10-10', '2013-10-17', 'UBND', '18', 1, 'Số:2441/UBND-NC xuất cảnh châu âu', 1, 3, '', 0, 1, 1),
(119, 'MX277', '2012-09-01', '2012-09-21', 'DHQT', '23', 4, 'Số:25434/UBND-NC ĐH Hoàn gia Thái Lan ', 1, 3, '', 0, 1, 1),
(120, 'KF826', '2013-08-15', '2013-09-04', 'UBND', '5', 4, 'Số 03/SNgV-LS V/v báo cáo tiếp khách nước ngoài th', 1, 3, '', 0, 1, 1),
(121, 'EF901', '2012-12-03', '2012-12-10', 'UBND', '24', 1, 'Số 464/UBND-NC ngày 14/02/2008 tiếp Cty Tranformat', 2, 1, '', 0, 1, 1),
(122, 'VP347', '2013-07-24', '2013-08-18', 'DHQT', '20', 4, 'Số:1216/UBND-KT, 10/4/08 V/v đồng ý cho thực hiện ', 2, 1, '', 0, 1, 1),
(123, 'RH932', '2013-01-09', '2013-02-08', 'DHBK', '24', 4, 'Số:1216/UBND-KT, 10/4/2008 V/v đồng ý cho thực hiệ', 2, 1, '', 0, 1, 1),
(124, 'SD740', '2012-04-07', '2012-04-27', 'DHKHTN', '5', 5, 'Số:18/TTr-UBND, 10/4/08 Tờ trình xin phép thực hiệ', 2, 1, '', 0, 1, 1),
(125, 'RU352', '2012-06-24', '2012-07-24', 'DHNL', '8', 2, 'Số:421/UBND-NC ngày 12/02/08 cho phép tiếp PGS.TS.', 2, 1, '', 0, 1, 1),
(126, 'UZ502', '2012-11-21', '2012-12-03', 'DHQG', '31', 4, 'Số:586/UBND-NC, 25/02/08 Cho phép tiếp Đoàn CB Thá', 2, 1, '', 0, 1, 1),
(127, 'JA529', '2013-09-19', '2013-10-14', 'UBND', '2', 5, 'Số867/UBND-NC và 868/UBND-NC ngày 18/3/08 Cho phép', 2, 1, '', 0, 1, 1),
(128, 'BX440', '2012-02-13', '2012-03-12', 'DHQT', '28', 1, 'V/v tiếp đoàn Jica từ 12 - 16/01/2008', 2, 1, '', 0, 1, 1),
(129, 'BU058', '2012-01-01', '2012-02-01', 'UBND', '25', 2, 'Số:1128/TTr-UBND,Tờ trình xin phép thực hiện', 2, 1, '', 0, 1, 1),
(130, 'RZ758', '2013-11-27', '2013-12-13', 'DHQT', '17', 1, 'Số:421/UBND-NC  chuẩn bị tiếp PGS.TS. Simon Bush.', 2, 1, '', 0, 1, 1),
(131, 'HK745', '2012-01-06', '2012-01-31', 'DHBK', '3', 5, 'Số:586/UBND-NC, 25/02/08 Cho phép tiếp Đoàn CB Cam', 2, 2, '', 0, 1, 1),
(132, 'QO675', '2012-12-15', '2013-01-09', 'DHKHTN', '10', 4, 'Số867/UBND-NC và 868/UBND-NC ', 2, 2, '', 0, 1, 1),
(133, 'KA378', '2012-01-20', '2012-02-08', 'DHNL', '24', 2, 'V/v tiếp đoàn jesica', 2, 2, '', 0, 1, 1),
(134, 'KS188', '2013-12-08', '2013-12-16', 'DHQG', '12', 5, 'Số:421/UBND-NC ngày 12/02/08 cho phép tiếp PGS.TS.', 2, 2, '', 0, 1, 1),
(135, 'ZQ435', '2013-04-12', '2013-04-24', '31', '25', 2, 'Số 64/2008/QĐ-BGDĐT ngày 28/11/2008 Ban hành Quy đ', 2, 2, '', 1, 1, 1),
(136, 'HD895', '2013-03-22', '2013-04-02', '1', '12', 3, 'Đáp án nội dung kiểm tra nhận thức về GDQP năm 200', 2, 2, '', 1, 1, 1),
(137, 'PW475', '2013-02-07', '2013-02-20', '20', '13', 2, 'Số:02/2009/NQ-HĐND ngày 10/7/2009 thành lập quỹ QP', 2, 2, '', 1, 1, 1),
(138, 'MX364', '2013-11-26', '2013-12-16', '29', '23', 5, 'Số:02/2011/NQ-HĐND ngày Nghị quyết v/v ban hành mộ', 2, 2, '', 1, 1, 1),
(139, 'AD949', '2012-10-11', '2012-10-18', '7', '19', 4, 'Số:02/2011/NQ-HĐND Nghị quyết v/v ban hành một số ', 2, 2, '', 1, 1, 1),
(140, 'ES069', '2012-04-06', '2012-05-06', '24', '12', 4, 'Số:1018/QĐ-UBND ngày14/5/2009 Quy chế TC và HĐ BCĐ', 2, 2, '', 1, 1, 1),
(141, 'XK195', '2013-01-21', '2013-02-01', '29', '24', 3, 'Số:140/QĐ-UBND ngày 21/01/2009 V/v giao chỉ tiêu h', 2, 3, '', 1, 1, 1),
(142, 'JN974', '2013-05-17', '2013-06-13', '23', '18', 5, 'Số:451/KL-BTL Kết luận thanh tra về công tác GDQP ', 2, 3, '', 1, 1, 1),
(143, 'XQ503', '2013-09-10', '2013-10-03', '31', '20', 4, 'Số:55/NX-ĐTT Kết quả thanh tra về công tác GDQP đố', 2, 3, '', 1, 1, 1),
(144, 'AY488', '2012-07-06', '2012-07-15', '11', '21', 4, 'Số:565/TB-HĐGDQP-AN Thông báo chiêu sinh cán bộ (đ', 2, 3, '', 1, 1, 1),
(145, 'NN018', '2013-10-22', '2013-11-21', '12', '8', 5, 'Số:643-QD-UBND phê duyệt đề án ĐTSQDB từ nguồn HSQ', 2, 3, '', 1, 1, 1),
(146, 'VN131', '2012-06-05', '2012-07-02', '26', '17', 5, 'Số:865/QĐ-UBND ngày 21/4/2009 Phê duyệt kH phát độ', 2, 3, '', 1, 1, 1),
(147, 'BO059', '2013-01-25', '2013-02-06', '13', '1', 5, 'Số;2563/QĐ-UBND ngàyGiao chỉ tiêu XD lực lượng DQT', 2, 3, '', 1, 1, 1),
(148, 'IN728', '2013-06-12', '2013-07-09', '17', '11', 2, 'Số;2579/QĐ-UBND ngày Giao chỉ tiêu ĐT, tập huấn đố', 2, 3, '', 1, 1, 1),
(149, 'SF993', '2012-09-23', '2012-10-02', '19', '9', 2, 'Số;2595/QĐ-UBND ngày 18/11/2009 Giao chỉ tiêu BD. ', 2, 3, '', 1, 1, 1),
(150, 'SJ259', '2013-07-26', '2013-08-13', '19', '9', 3, 'Báo cáo đánh giá Chứng nhận ISO9001:2008', 2, 3, '', 1, 1, 1),
(151, 'SX917', '2013-02-04', '2013-02-18', '14', '7', 4, 'Báo cáo kết quả làm việc đợt 10', 3, 1, '', 1, 1, 1),
(152, 'JI159', '2012-07-13', '2012-07-28', '15', '11', 5, 'Báo cáo kết quả làm việc đợt 7', 3, 1, '', 1, 1, 1),
(153, 'RJ700', '2013-06-02', '2013-06-19', '3', '15', 3, 'Báo cáo kết quả làm việc đợt 8', 3, 1, '', 1, 1, 1),
(154, 'MP091', '2013-04-07', '2013-04-14', '28', '22', 4, 'Báo cáo kết quả làm việc đợt 9', 3, 1, '', 1, 1, 1),
(155, 'VU001', '2012-11-02', '2012-12-03', '1', '5', 2, 'Biên bản xem xét của Ban Giám Hiệu ( ISO)', 3, 1, '', 1, 1, 1),
(156, 'FD704', '2013-08-16', '2013-09-01', '4', '9', 1, 'Bộ tiêu chuẩn Việt Nam ( ISO 9001:2008)', 3, 1, '', 1, 1, 0),
(157, 'FR713', '2013-02-03', '2013-02-12', '6', '13', 5, 'Kế hoạch thực hiện chương trình 5S', 3, 1, '', 1, 1, 1),
(158, 'OJ275', '2012-04-10', '2012-05-07', '16', '11', 4, 'Kế hoạch thực hiện tiêu chí 5', 3, 1, '', 1, 1, 1),
(159, 'YL242', '2013-09-27', '2013-10-08', '14', '10', 5, 'KH thực hiện ISO của P.HCTH', 3, 1, '', 1, 1, 1),
(160, 'FA783', '2013-08-19', '2013-08-28', '13', '5', 5, 'Mục tiêu chất lượng P. HCTH', 3, 1, '', 1, 1, 1),
(161, 'LN796', '2012-04-09', '2012-05-10', '30', '18', 5, 'Phiếu đánh giá Chương trình 5S - Khối văn phòng', 3, 2, '', 1, 1, 1),
(162, 'EM972', '2012-09-09', '2012-10-05', '29', '24', 1, 'QT01: Qui trình xem xét của Ban Giám hiệu', 3, 2, '', 1, 1, 1),
(163, 'PA707', '2012-10-09', '2012-11-08', '31', '19', 5, 'QT02: Qui trình kiểm soát tài liệu', 3, 2, '', 1, 1, 1),
(164, 'HI751', '2012-05-04', '2012-06-02', '26', '15', 3, 'QT03: Qui trình kiểm soát hồ sơ', 3, 2, '', 1, 0, 1),
(165, 'BL466', '2012-03-05', '2012-04-05', '26', '22', 3, 'QT04: Qui trình kiểm soát sự không phù hợp', 3, 2, '', 1, 0, 1),
(166, 'CY127', '2013-04-25', '2013-05-14', '18', '14', 3, 'QT05: Qui trình đánh giá nội bộ', 3, 2, '', 1, 0, 1),
(167, 'AK088', '2012-11-22', '2012-12-18', '8', '16', 3, 'QT06: Qui trình hành động khắc phục phòng ngừa', 3, 2, '', 1, 0, 1),
(168, 'TB357', '2012-07-05', '2012-07-28', '17', '12', 2, 'Sổ tay chất lượng ISO', 3, 2, '', 1, 0, 1),
(169, 'FL012', '2013-08-10', '2013-08-22', '29', '23', 5, 'Cam kết của Ban Giám hiệu', 3, 2, '', 1, 0, 1),
(170, 'RS950', '2012-11-13', '2012-11-27', '19', '8', 1, 'Chính sách chất lượng của trường', 3, 2, '', 1, 0, 1),
(171, 'TH632', '2012-11-06', '2012-11-19', '19', '14', 1, 'Kế hoạch thực hiện tiêu chí 1', 3, 3, '', 1, 0, 1),
(172, 'DL005', '2013-11-17', '2013-12-03', '25', '17', 3, 'Kế hoạch thực hiện tiêu chí 2', 3, 3, '', 1, 0, 1),
(173, 'OM025', '2013-10-17', '2013-11-08', '9', '14', 4, 'Kế hoạch thực hiện tiêu chí 3', 3, 3, '', 1, 0, 1),
(174, 'YO508', '2012-09-02', '2012-09-27', '9', '18', 2, 'Kế hoạch thực hiện tiêu chí 4', 3, 3, '', 1, 0, 1),
(175, 'KO704', '2013-10-02', '2013-10-26', '27', '16', 4, 'Mục tiêu chất lượng Trường', 3, 3, '', 1, 0, 1),
(176, 'WJ485', '2012-02-17', '2012-03-10', '31', '21', 1, 'Qui định tên viết tắt các Đơn vị', 3, 3, '', 1, 0, 1),
(177, 'QT838', '2013-03-03', '2013-04-01', '24', '16', 1, 'Số:1375/UBND-KT ngày 21/4/2009 Kết luận HN triên k', 3, 3, '', 1, 0, 1),
(178, 'UI785', '2013-08-15', '2013-09-15', '5', '10', 3, 'Số:255/KHLT/BGDĐT-BCA ngày 02/02/2009 Kế hoạch V/v', 3, 3, '', 1, 0, 1),
(179, 'ZD800', '2012-06-06', '2012-06-24', '19', '13', 5, 'Số:55/KHLT/BGDĐT-BCA ngày 08/02/2009 Kế hoạch', 3, 3, '', 1, 0, 1);

-- --------------------------------------------------------

--
-- Table structure for table `file`
--

CREATE TABLE IF NOT EXISTS `file` (
  `MaFile` int(11) NOT NULL AUTO_INCREMENT,
  `MaDK` int(11) NOT NULL,
  `url` text CHARACTER SET utf8 NOT NULL,
  PRIMARY KEY (`MaFile`)
) ENGINE=MyISAM  DEFAULT CHARSET=latin1 AUTO_INCREMENT=164 ;

--
-- Dumping data for table `file`
--

INSERT INTO `file` (`MaFile`, `MaDK`, `url`) VALUES
(1, 1, 'document1.pdf'),
(2, 2, 'document2.pdf'),
(3, 3, 'document3.pdf'),
(4, 4, 'document4.pdf'),
(5, 5, 'document5.pdf'),
(6, 6, 'document6.pdf'),
(7, 7, 'document7.pdf'),
(8, 8, 'document8.pdf'),
(9, 9, 'document9.pdf'),
(10, 10, 'document10.pdf'),
(11, 11, 'document11.pdf'),
(12, 12, 'document12.pdf'),
(13, 13, 'document13.pdf'),
(14, 14, 'document14.pdf'),
(15, 15, 'document15.pdf'),
(16, 16, 'document16.pdf'),
(17, 17, 'document17.pdf'),
(18, 18, 'document18.pdf'),
(19, 19, 'document19.pdf'),
(20, 20, 'document20.pdf'),
(21, 21, 'document21.pdf'),
(22, 22, 'document22.pdf'),
(23, 23, 'document23.pdf'),
(24, 24, 'document24.pdf'),
(25, 25, 'document25.pdf'),
(26, 26, 'document26.pdf'),
(27, 27, 'document27.pdf'),
(28, 28, 'document28.pdf'),
(29, 29, 'document29.pdf'),
(30, 30, 'document30.pdf'),
(31, 31, 'document31.pdf'),
(32, 32, 'document32.pdf'),
(33, 33, 'document33.pdf'),
(34, 34, 'document34.pdf'),
(35, 35, 'document35.pdf'),
(36, 36, 'document36.pdf'),
(37, 37, 'document37.pdf'),
(38, 38, 'document38.pdf'),
(39, 39, 'document39.pdf'),
(40, 40, 'document40.pdf'),
(41, 41, 'document41.pdf'),
(42, 42, 'document42.pdf'),
(43, 43, 'document43.pdf'),
(44, 44, 'document44.pdf'),
(45, 45, 'document45.pdf'),
(46, 46, 'document46.pdf'),
(47, 47, 'document47.pdf'),
(48, 48, 'document48.pdf'),
(49, 49, 'document49.pdf'),
(50, 50, 'document50.pdf'),
(51, 51, 'document51.pdf'),
(52, 52, 'document52.pdf'),
(53, 53, 'document53.pdf'),
(54, 54, 'document54.pdf'),
(55, 55, 'document55.pdf'),
(56, 56, 'document56.pdf'),
(57, 57, 'document57.pdf'),
(58, 58, 'document58.pdf'),
(59, 59, 'document59.pdf'),
(60, 60, 'document60.pdf'),
(61, 61, 'document61.pdf'),
(62, 62, 'document62.pdf'),
(63, 63, 'document63.pdf'),
(64, 64, 'document64.pdf'),
(65, 65, 'document65.pdf'),
(66, 66, 'document66.pdf'),
(67, 67, 'document67.pdf'),
(68, 68, 'document68.pdf'),
(69, 69, 'document69.pdf'),
(70, 70, 'document70.pdf'),
(71, 71, 'document71.pdf'),
(72, 72, 'document72.pdf'),
(73, 73, 'document73.pdf'),
(74, 74, 'document74.pdf'),
(75, 75, 'document75.pdf'),
(76, 76, 'document76.pdf'),
(77, 77, 'document77.pdf'),
(78, 78, 'document78.pdf'),
(79, 79, 'document79.pdf'),
(80, 80, 'document80.pdf'),
(81, 81, 'document81.pdf'),
(82, 82, 'document82.pdf'),
(83, 83, 'document83.pdf'),
(84, 84, 'document84.pdf'),
(85, 85, 'document85.pdf'),
(86, 86, 'document86.pdf'),
(87, 87, 'document87.pdf'),
(88, 88, 'document88.pdf'),
(89, 89, 'document89.pdf'),
(90, 90, 'document90.pdf'),
(91, 91, 'document91.pdf'),
(92, 92, 'document92.pdf'),
(93, 93, 'document93.pdf'),
(94, 94, 'document94.pdf'),
(95, 95, 'document95.pdf'),
(96, 96, 'document96.pdf'),
(97, 97, 'document97.pdf'),
(98, 98, 'document98.pdf'),
(99, 99, 'document99.pdf'),
(100, 100, 'document100.pdf'),
(101, 101, 'document101.docx'),
(102, 102, 'document102.docx'),
(103, 103, 'document103.docx'),
(104, 104, 'document104.docx'),
(105, 105, 'document105.docx'),
(106, 106, 'document106.docx'),
(107, 107, 'document107.docx'),
(108, 108, 'document108.docx'),
(109, 109, 'document109.docx'),
(110, 110, 'document110.docx'),
(111, 111, 'document111.docx'),
(112, 112, 'document112.docx'),
(113, 113, 'document113.docx'),
(114, 114, 'document114.docx'),
(115, 115, 'document115.docx'),
(116, 116, 'document116.docx'),
(117, 117, 'document117.docx'),
(118, 118, 'document118.docx'),
(119, 119, 'document119.docx'),
(120, 120, 'document120.docx'),
(121, 121, 'document121.docx'),
(122, 122, 'document122.docx'),
(123, 123, 'document123.docx'),
(124, 124, 'document124.docx'),
(125, 125, 'document125.docx'),
(126, 126, 'document126.docx'),
(127, 127, 'document127.docx'),
(128, 128, 'document128.docx'),
(129, 129, 'document129.docx'),
(130, 130, 'document130.docx'),
(131, 131, 'document131.docx'),
(132, 132, 'document132.docx'),
(133, 133, 'document133.docx'),
(134, 134, 'document134.docx'),
(135, 135, 'document135.docx'),
(136, 136, 'document136.docx'),
(137, 137, 'document137.docx'),
(138, 138, 'document138.docx'),
(139, 139, 'document139.docx'),
(140, 140, 'document140.docx'),
(141, 141, 'document141.docx'),
(142, 142, 'document142.docx'),
(143, 143, 'document143.docx'),
(144, 144, 'document144.docx'),
(145, 145, 'document145.docx'),
(146, 146, 'document146.docx'),
(147, 147, 'document147.docx'),
(148, 148, 'document148.docx'),
(149, 149, 'document149.docx'),
(150, 150, 'document150.docx'),
(151, 151, 'document151.docx'),
(152, 152, 'document152.docx'),
(153, 153, 'document153.docx'),
(154, 154, 'document154.docx'),
(155, 155, 'document155.docx'),
(156, 156, 'document156.docx'),
(157, 157, 'document157.docx'),
(158, 158, 'document158.docx'),
(159, 159, 'document159.docx'),
(160, 160, 'document160.docx'),
(161, 161, 'document161.docx'),
(162, 162, 'document162.docx'),
(163, 163, 'document163.docx');

-- --------------------------------------------------------

--
-- Table structure for table `hmenu`
--

CREATE TABLE IF NOT EXISTS `hmenu` (
  `idMenu` int(11) NOT NULL AUTO_INCREMENT,
  `nameMenu` varchar(50) CHARACTER SET utf8 NOT NULL,
  `linkMenu` varchar(50) CHARACTER SET utf8 NOT NULL,
  `titleMenu` varchar(50) CHARACTER SET utf8 NOT NULL,
  `vitri` int(11) DEFAULT NULL,
  `isPublished` int(11) NOT NULL DEFAULT '1',
  PRIMARY KEY (`idMenu`)
) ENGINE=MyISAM  DEFAULT CHARSET=latin1 AUTO_INCREMENT=11 ;

--
-- Dumping data for table `hmenu`
--

INSERT INTO `hmenu` (`idMenu`, `nameMenu`, `linkMenu`, `titleMenu`, `vitri`, `isPublished`) VALUES
(1, 'Trang Chủ', 'http://localhost/QuanLyCongVan/index.php', 'Trang Chủ', 1, 1),
(2, 'Công Văn Đến', 'congvanden.php', 'Công Văn Đến', 2, 1),
(3, 'Công văn đi', 'congvandi.php', 'Công văn đi', 3, 1),
(4, 'Biểu mẫu', 'bieumau.php', 'Biểu mẫu', 4, 1),
(5, 'Thống kê', 'thongke.php', 'Thống kê', 5, 1),
(6, 'Tìm kiếm', 'timkiemcongvan.php', 'Tìm kiếm', 6, 1);

-- --------------------------------------------------------

--
-- Table structure for table `hmenuadmin`
--

CREATE TABLE IF NOT EXISTS `hmenuadmin` (
  `idMenu` int(11) NOT NULL AUTO_INCREMENT,
  `nameMenu` varchar(50) CHARACTER SET utf8 NOT NULL,
  `linkMenu` varchar(50) CHARACTER SET utf8 NOT NULL,
  `titleMenu` varchar(50) CHARACTER SET utf8 NOT NULL,
  `newPageMenu` int(11) NOT NULL DEFAULT '0',
  `isParent` int(11) NOT NULL DEFAULT '1',
  `parentId` int(11) DEFAULT '0',
  `order` int(11) DEFAULT NULL,
  `isPublished` int(11) NOT NULL DEFAULT '1',
  PRIMARY KEY (`idMenu`)
) ENGINE=MyISAM  DEFAULT CHARSET=latin1 AUTO_INCREMENT=10 ;

--
-- Dumping data for table `hmenuadmin`
--


-- --------------------------------------------------------

--
-- Table structure for table `lichsuhoatdong`
--

CREATE TABLE IF NOT EXISTS `lichsuhoatdong` (
  `MaLS` int(11) NOT NULL AUTO_INCREMENT,
  `MaNV` int(11) NOT NULL,
  `NoiDung` text CHARACTER SET utf8 NOT NULL,
  `ThoiGian` timestamp NOT NULL DEFAULT CURRENT_TIMESTAMP ON UPDATE CURRENT_TIMESTAMP,
  PRIMARY KEY (`MaLS`)
) ENGINE=MyISAM  DEFAULT CHARSET=latin1 AUTO_INCREMENT=6 ;

--
-- Dumping data for table `lichsuhoatdong`
--

INSERT INTO `lichsuhoatdong` (`MaLS`, `MaNV`, `NoiDung`, `ThoiGian`) VALUES
(1, 17, 'Đăng nhập thành công', '2014-03-19 12:19:03'),
(2, 17, 'Đăng xuất thành công', '2014-03-19 12:26:45'),
(3, 2, 'Đăng nhập thành công', '2014-03-19 12:26:48'),
(4, 0, 'Phân quyền cho nhân viên mã số 2', '2014-03-19 12:45:30'),
(5, 0, 'Phân quyền cho nhân viên mã số 2', '2014-03-19 12:46:12');

-- --------------------------------------------------------

--
-- Table structure for table `nhanvien`
--

CREATE TABLE IF NOT EXISTS `nhanvien` (
  `MaNV` int(11) NOT NULL AUTO_INCREMENT,
  `HoTen` varchar(50) CHARACTER SET utf8 NOT NULL,
  `NgaySinh` date NOT NULL,
  `CMND` varchar(9) CHARACTER SET utf8 NOT NULL,
  `Email` varchar(50) CHARACTER SET utf8 NOT NULL,
  `DiaChi` varchar(50) CHARACTER SET utf8 NOT NULL,
  `MaPB` int(11) NOT NULL,
  `MaCV` int(11) NOT NULL,
  PRIMARY KEY (`MaNV`)
) ENGINE=MyISAM  DEFAULT CHARSET=latin1 AUTO_INCREMENT=32 ;

--
-- Dumping data for table `nhanvien`
--

INSERT INTO `nhanvien` (`MaNV`, `HoTen`, `NgaySinh`, `CMND`, `Email`, `DiaChi`, `MaPB`, `MaCV`) VALUES
(1, 'Chánh văn phòng ', '1982-11-10', '02364587', 'email1@gmail.com', '41 Thân Nhân Trung, P.13, Q.Tân Bình', 1, 4),
(2, 'Trưởng khoa HTTT', '1988-06-04', '03548766', 'email2@gmail.com', '32/5 Ngô Bệ, P.13, Q. Tân Bình', 11, 5),
(3, 'Phó khoa HTTT', '1978-08-07', '04654565', 'email3@gmail.com', '1 Đường 38 - P.Thảo Điền - Q.2', 11, 6),
(4, 'Thư kí khoa HTTT', '1984-05-01', '06565423', 'email4@gmail.com', '242 Lương Định Của - P.An Khánh - Q.2', 11, 7),
(5, 'Trưởng khoa KHMT', '1983-10-09', '02568488', 'email5@gmail.com', '41 Nguyễn Thượng Hiền P5. Q .Bình Thạnh', 12, 5),
(6, 'Phó khoa KHMT', '1989-01-06', '03556454', 'email6@gmail.com', '42 Thân Nhân Trung, P.13, Q.Tân Bình', 12, 6),
(7, 'Thư kí khoa KHMT', '1991-11-09', '05458825', 'email1@gmail.com', '32/5 Ngô Bệ, P.13, Q. Tân Bình', 12, 7),
(8, 'Trưởng khoa KTMT', '1987-04-08', '05648725', 'email2@gmail.com', '2 Đường 38 - P.Thảo Điền - Q.2', 13, 5),
(9, 'Phó khoa KTMT', '1982-11-11', '05564979', 'email3@gmail.com', '243 Lương Định Của - P.An Khánh - Q.2', 13, 6),
(10, 'Thư kí khoa KTMT', '1988-06-05', '09789525', 'email4@gmail.com', '42 Nguyễn Thượng Hiền P5. Q .Bình Thạnh', 13, 7),
(11, 'Trưởng khoa MMT&TT', '1978-08-08', '05855625', 'email5@gmail.com', '43 Thân Nhân Trung, P.13, Q.Tân Bình', 14, 5),
(12, 'Phó khoa MMT&TT', '1984-05-02', '01584255', 'email6@gmail.com', '32/5 Ngô Bệ, P.13, Q. Tân Bình', 14, 6),
(13, 'Thư kí khoa MMT&TT', '1983-10-10', '02364587', 'email1@gmail.com', '3 Đường 38 - P.Thảo Điền - Q.2', 14, 7),
(14, 'Trưởng khoa CNPM', '1989-01-07', '03548766', 'email2@gmail.com', '244 Lương Định Của - P.An Khánh - Q.2', 10, 5),
(15, 'Phó khoa CNPM', '1991-11-10', '04654565', 'email3@gmail.com', '43 Nguyễn Thượng Hiền P5. Q .Bình Thạnh', 10, 6),
(16, 'Thư kí khoa CNPM', '1987-04-09', '06565423', 'email4@gmail.com', '44 Thân Nhân Trung, P.13, Q.Tân Bình', 10, 7),
(17, 'Trưởng phòng TCHC', '1982-11-11', '02568488', 'email5@gmail.com', '32/5 Ngô Bệ, P.13, Q. Tân Bình', 1, 1),
(18, 'Phó phòng TCHC', '1988-06-05', '03556454', 'email6@gmail.com', '4 Đường 38 - P.Thảo Điền - Q.2', 1, 2),
(19, 'Văn thư phòng TCHC', '1978-08-08', '05458825', 'email1@gmail.com', '245 Lương Định Của - P.An Khánh - Q.2', 1, 3),
(20, 'Trưởng phòng KHTC', '1984-05-02', '05648725', 'email2@gmail.com', '44 Nguyễn Thượng Hiền P5. Q .Bình Thạnh', 2, 1),
(21, 'Phó phòng KHTC', '1983-10-10', '05564979', 'email3@gmail.com', '45 Thân Nhân Trung, P.13, Q.Tân Bình', 2, 2),
(22, 'Văn thư phòng KHTC', '1989-01-07', '09789525', 'email1@gmail.com', '32/5 Ngô Bệ, P.13, Q. Tân Bình', 2, 3),
(23, 'Trưởng phòng ĐTĐH', '1991-11-10', '05855625', 'email2@gmail.com', '5 Đường 38 - P.Thảo Điền - Q.2', 3, 1),
(24, 'Phó phòng ĐTĐH', '1987-04-09', '01584255', 'email3@gmail.com', '42 Thân Nhân Trung, P.13, Q.Tân Bình', 3, 2),
(25, 'Văn thư phòng ĐTĐH', '1982-11-12', '02364587', 'email4@gmail.com', '32/5 Ngô Bệ, P.13, Q. Tân Bình', 3, 3),
(26, 'Trưởng phòng CTSV', '1991-11-11', '03548766', 'email5@gmail.com', '2 Đường 38 - P.Thảo Điền - Q.2', 4, 1),
(27, 'Phó phòng  CTSV', '1988-06-07', '04654565', 'email6@gmail.com', '243 Lương Định Của - P.An Khánh - Q.2', 4, 2),
(28, 'Văn thư phòng CTSV', '1978-08-10', '06565423', 'email1@gmail.com', '42 Nguyễn Thượng Hiền P5. Q .Bình Thạnh', 4, 3),
(29, 'Hiệu trưởng', '1984-05-04', '02568488', 'email2@gmail.com', '43 Thân Nhân Trung, P.13, Q.Tân Bình', 25, 13),
(30, 'Phó Hiệu Trưởng 1', '1983-10-12', '03556454', 'email3@gmail.com', '32/5 Ngô Bệ, P.13, Q. Tân Bình', 25, 14),
(31, 'Phó Hiệu Trưởng 2', '1989-01-09', '02364587', 'email4@gmail.com', '3 Đường 38 - P.Thảo Điền - Q.2', 25, 14);

-- --------------------------------------------------------

--
-- Table structure for table `nhomquyen`
--

CREATE TABLE IF NOT EXISTS `nhomquyen` (
  `manhomquyen` int(11) NOT NULL AUTO_INCREMENT,
  `tennhomquyen` varchar(100) CHARACTER SET utf8 NOT NULL,
  PRIMARY KEY (`manhomquyen`)
) ENGINE=MyISAM  DEFAULT CHARSET=latin1 AUTO_INCREMENT=5 ;

--
-- Dumping data for table `nhomquyen`
--

INSERT INTO `nhomquyen` (`manhomquyen`, `tennhomquyen`) VALUES
(1, 'Công văn đến'),
(2, 'Công văn đi'),
(3, 'Bảo mật'),
(4, 'Administrator');

-- --------------------------------------------------------

--
-- Table structure for table `noidung`
--

CREATE TABLE IF NOT EXISTS `noidung` (
  `MaND` int(11) NOT NULL AUTO_INCREMENT,
  `MaDK` int(11) NOT NULL,
  `NoiDung` text CHARACTER SET utf8 NOT NULL,
  PRIMARY KEY (`MaND`)
) ENGINE=MyISAM  DEFAULT CHARSET=latin1 AUTO_INCREMENT=7 ;

--
-- Dumping data for table `noidung`
--

INSERT INTO `noidung` (`MaND`, `MaDK`, `NoiDung`) VALUES
(1, 51, 'họp hội đồng quản trị'),
(2, 67, 'Kiểm tra hệ thống 67'),
(3, 66, 'Kiểm tra hệ thống 66'),
(4, 65, 'Kiểm tra hệ thống 65'),
(5, 73, '<h1 style="background-color: rgb(238, 238, 238); border: 1px solid rgb(204, 204, 204); padding: 5px 10px;">M&ugrave;a tuyển sinh 2014,</h1>\r\n\r\n<h2 style="font-style:italic;">Trường Đại học Hoa Sen d&agrave;nh &nbsp;ch&iacute;nh s&aacute;ch học bổng l&ecirc;n đến&nbsp;<strong>6 tỉ 400 triệu đồng, với 120 suất học bổng&nbsp;</strong>d&agrave;nh cho c&aacute;c bạn học sinh đăng k&yacute; dự thi Đại học, Cao đẳng v&agrave;o trường.&nbsp;</h2>\r\n\r\n<p>&nbsp;Chương tr&igrave;nh học bổng của Đại học Hoa Sen gồm c&oacute;&nbsp;<strong>3 loại học bổng: &nbsp;T&agrave;i năng, Khuyến học, Vượt kh&oacute;.</strong>&nbsp;Ngo&agrave;i 3 loại học bổng tr&ecirc;n, nh&agrave; trường c&ograve;n bổ sung v&agrave;o&nbsp;<strong>20 suất học bổng d&agrave;nh ri&ecirc;ng cho c&aacute;c th&iacute; sinh y&ecirc;u th&iacute;ch nh&oacute;m ng&agrave;nh Khoa học c&ocirc;ng nghệ&nbsp;</strong>v&agrave;&nbsp;<strong>10 suất học bổng d&agrave;nh ri&ecirc;ng cho c&aacute;c th&iacute; sinh y&ecirc;u th&iacute;ch nh&oacute;m ng&agrave;nh Thiết kế.</strong></p>\r\n'),
(6, 74, '<h2 style="font-style:italic;">C&Ocirc;ng văn<strong> đến 1</strong></h2>\r\n');

-- --------------------------------------------------------

--
-- Table structure for table `phongban`
--

CREATE TABLE IF NOT EXISTS `phongban` (
  `MaPB` int(11) NOT NULL AUTO_INCREMENT,
  `TenPB` varchar(50) CHARACTER SET utf8 NOT NULL,
  `ChucNang` text CHARACTER SET utf8 NOT NULL,
  PRIMARY KEY (`MaPB`)
) ENGINE=MyISAM  DEFAULT CHARSET=latin1 AUTO_INCREMENT=25 ;

--
-- Dumping data for table `phongban`
--

INSERT INTO `phongban` (`MaPB`, `TenPB`, `ChucNang`) VALUES
(1, 'Phòng Tổ chức - Hành Chính', 'Tổ chức - Hành Chính'),
(2, 'Phòng Kế hoạch - Tài chính', 'Kế hoạch - Tài chính'),
(3, 'Phòng Đào tạo Đại học', 'Đào tạo Đại học'),
(4, 'Phòng Đào tạo SĐH - KHCN & QHĐN', 'Đào tạo SĐH - KHCN & QHĐN'),
(5, 'Phòng Quản trị - Thiết bị', 'Quản trị - Thiết bị'),
(6, 'Phòng Công tác sinh viên', 'Công tác sinh viên'),
(7, 'Phòng Thanh tra - Pháp chế - ĐBCL', 'Thanh tra - Pháp chế - ĐBCL'),
(8, 'Ban Quản lý cơ sở', 'Quản lý cơ sở'),
(9, 'Ban Dữ liệu và CNTT', 'Dữ liệu và CNTT'),
(10, 'Khoa Công nghệ phần mềm', 'Công nghệ phần mềm'),
(11, 'Khoa Hệ thống thông tin', 'Hệ thống thông tin'),
(12, 'Khoa Khoa học máy tính', 'Khoa học máy tính'),
(13, 'Khoa Kĩ thuật máy tính', 'Kĩ thuật máy tính'),
(14, 'Khoa Mạng máy tính và truyền thông', 'Mạng máy tính và truyền thông'),
(15, 'Bộ môn Toán - Lý', 'Toán - Lý'),
(16, 'Trung tâm Phát triển CNTT (CITD)', 'Phát triển CNTT (CITD)'),
(17, 'Trung tâm Sáng tạo Microsoft (MIC)', 'Sáng tạo Microsoft (MIC)'),
(18, 'Trung tâm Công nghệ phần mềm', 'Công nghệ phần mềm'),
(19, 'Trung tâm Điện tử và kỹ thuật máy tính', 'Điện tử và kỹ thuật máy tính'),
(20, 'Bộ môn Anh văn', 'Anh văn'),
(21, 'Trung tâm Đào tạo công nghệ trực tuyến', 'Đào tạo công nghệ trực tuyến'),
(22, 'Phòng thí nghiệm Đa phương tiện', 'Thí nghiệm Đa phương tiện'),
(23, 'Phòng thí nghiệm HTTT', 'Thí nghiệm HTTT'),
(24, 'Thư viện', 'Thư viện');

-- --------------------------------------------------------

--
-- Table structure for table `quyen`
--

CREATE TABLE IF NOT EXISTS `quyen` (
  `maquyen` int(11) NOT NULL AUTO_INCREMENT,
  `manhomquyen` int(11) NOT NULL,
  `tenquyen` varchar(100) CHARACTER SET utf8 NOT NULL,
  PRIMARY KEY (`maquyen`)
) ENGINE=MyISAM  DEFAULT CHARSET=latin1 AUTO_INCREMENT=38 ;

--
-- Dumping data for table `quyen`
--

INSERT INTO `quyen` (`maquyen`, `manhomquyen`, `tenquyen`) VALUES
(1, 1, 'Hiển thị công văn đến'),
(2, 1, 'Đăng kí (Thêm mới ) công văn đến'),
(3, 1, 'Download công văn đến'),
(7, 1, 'Tìm kiếm công văn đến '),
(11, 2, 'Hiển thị công văn đi'),
(9, 1, 'Lập báo cáo thống kê công văn đến'),
(12, 2, 'Đăng kí (Thêm mới ) công văn đi'),
(17, 2, 'Tìm kiếm công văn đi'),
(19, 2, 'Xoá thông tin công văn đi'),
(20, 2, 'Lập báo cáo thống kê công văn đi'),
(21, 3, 'Thêm người dùng '),
(22, 3, 'Thay đổi thông tin người dùng'),
(23, 3, 'Xoá thông tin người dùng'),
(24, 3, 'Thêm phòng ban'),
(25, 3, 'Thay đổi thông tin phòng ban'),
(26, 3, 'Xoá thông tin phòng ban'),
(27, 3, 'Quản lý giao diện'),
(28, 3, 'Phân quyền người dùng'),
(31, 4, 'Quyền công văn thông thường cấp phòng ban'),
(32, 4, 'Quyền công văn thông thường cấp trường'),
(33, 4, 'Quyền công văn mật cấp phòng ban'),
(34, 4, 'Quyền công văn mật cấp trường'),
(35, 4, 'Quyền công văn tối mật cấp phòng ban'),
(36, 4, 'Quyền công văn tối mật cấp trường'),
(10, 2, 'Download Công Văn Đi'),
(37, 4, 'Quyền quản lý công văn');

-- --------------------------------------------------------

--
-- Table structure for table `trangthaixuly`
--

CREATE TABLE IF NOT EXISTS `trangthaixuly` (
  `MaDK` int(11) NOT NULL,
  `TrangThai` int(11) NOT NULL,
  `Ngay` date NOT NULL
) ENGINE=MyISAM DEFAULT CHARSET=latin1;

--
-- Dumping data for table `trangthaixuly`
--

INSERT INTO `trangthaixuly` (`MaDK`, `TrangThai`, `Ngay`) VALUES
(1, 1, '2013-08-06'),
(2, 0, '2013-02-13'),
(3, 1, '2013-11-05'),
(4, 2, '2013-12-27'),
(5, 0, '2012-06-01'),
(6, 2, '2013-06-28'),
(7, 2, '2013-01-15'),
(8, 0, '2012-09-13'),
(9, 0, '2013-01-25'),
(10, 2, '2014-01-01'),
(11, 2, '2013-10-16'),
(12, 1, '2013-06-02'),
(13, 1, '2012-02-03'),
(14, 0, '2013-03-28'),
(15, 0, '2012-10-01'),
(16, 2, '2013-08-30'),
(17, 2, '2013-02-15'),
(18, 1, '2012-04-05'),
(19, 0, '2013-04-30'),
(20, 2, '2012-05-17'),
(21, 2, '2012-05-26'),
(22, 2, '2013-12-18'),
(23, 0, '2013-01-20'),
(24, 0, '2013-05-20'),
(25, 0, '2012-05-13'),
(26, 0, '2012-03-31'),
(27, 1, '2013-02-04'),
(28, 0, '2013-12-04'),
(29, 0, '2013-09-01'),
(30, 0, '2013-08-08'),
(31, 0, '2012-05-05'),
(32, 2, '2013-01-29'),
(33, 0, '2013-04-23'),
(34, 2, '2013-11-11'),
(35, 1, '2013-12-02'),
(36, 0, '2012-08-12'),
(37, 1, '2012-06-29'),
(38, 2, '2013-11-19'),
(39, 2, '2013-06-22'),
(40, 1, '2013-05-01'),
(41, 1, '2013-12-29'),
(42, 0, '2012-12-26'),
(43, 1, '2013-01-31'),
(44, 1, '2012-06-24'),
(45, 3, '2013-06-07'),
(46, 3, '2012-06-14'),
(47, 3, '2013-03-19'),
(48, 3, '2012-10-31'),
(49, 3, '2013-12-21'),
(50, 3, '2013-01-18'),
(51, 3, '2012-11-10'),
(52, 3, '2012-09-10'),
(53, 3, '2012-12-25'),
(54, 3, '2012-05-30'),
(55, 3, '2012-01-17'),
(56, 3, '2013-04-10'),
(57, 3, '2012-07-21'),
(58, 3, '2013-12-25'),
(59, 3, '2012-02-17'),
(60, 3, '2013-04-01'),
(61, 3, '2012-04-15'),
(62, 3, '2012-04-23'),
(63, 3, '2012-05-22'),
(64, 3, '2013-03-27'),
(65, 3, '2013-01-16'),
(66, 3, '2013-08-09'),
(67, 3, '2013-06-29'),
(68, 3, '2013-11-15'),
(69, 3, '2013-08-15'),
(70, 3, '2014-01-09'),
(71, 3, '2013-03-26'),
(72, 3, '2012-07-01'),
(73, 3, '2013-10-31'),
(74, 3, '2013-02-01'),
(75, 3, '2012-01-28'),
(76, 3, '2012-02-08'),
(77, 3, '2013-07-10'),
(78, 3, '2012-04-06'),
(79, 3, '2012-06-06'),
(80, 3, '2013-08-14'),
(81, 3, '2012-12-01'),
(82, 3, '2013-07-10'),
(83, 3, '2012-04-21'),
(84, 3, '2012-08-08'),
(85, 3, '2013-12-16'),
(86, 3, '2013-06-11'),
(87, 3, '2012-06-30'),
(88, 3, '2013-10-06'),
(89, 3, '2013-03-06'),
(90, 0, '2013-08-20'),
(91, 1, '2013-05-21'),
(92, 2, '2012-08-15'),
(93, 1, '2012-08-05'),
(94, 2, '2012-09-24'),
(95, 2, '2013-04-19'),
(96, 2, '2013-07-15'),
(97, 2, '2012-04-05'),
(98, 1, '2012-04-09'),
(99, 0, '2012-08-31'),
(100, 2, '2012-05-10'),
(101, 2, '2013-02-23'),
(102, 2, '2014-01-04'),
(103, 0, '2013-11-20'),
(104, 1, '2013-12-03'),
(105, 0, '2012-12-12'),
(106, 2, '2012-07-20'),
(107, 0, '2013-10-24'),
(108, 0, '2013-04-19'),
(109, 2, '2013-01-22'),
(110, 2, '2012-12-29'),
(111, 0, '2012-07-27'),
(112, 1, '2012-02-28'),
(113, 0, '2013-08-17'),
(114, 2, '2012-11-24'),
(115, 0, '2012-03-02'),
(116, 1, '2012-06-21'),
(117, 1, '2013-05-10'),
(118, 0, '2013-11-12'),
(119, 2, '2012-09-14'),
(120, 1, '2013-08-30'),
(121, 1, '2012-12-06'),
(122, 0, '2013-08-09'),
(123, 1, '2013-01-22'),
(124, 1, '2012-05-13'),
(125, 0, '2012-07-04'),
(126, 0, '2012-12-24'),
(127, 2, '2013-10-02'),
(128, 1, '2012-03-17'),
(129, 1, '2012-01-03'),
(130, 0, '2013-12-02'),
(131, 0, '2012-02-06'),
(132, 1, '2013-01-01'),
(133, 0, '2012-01-22'),
(134, 0, '2013-12-30'),
(135, 0, '2013-04-14'),
(136, 2, '2013-03-30'),
(137, 2, '2013-03-11'),
(138, 2, '2013-12-01'),
(139, 0, '2012-10-23'),
(140, 0, '2012-05-06'),
(141, 1, '2013-02-01'),
(142, 1, '2013-06-22'),
(143, 2, '2013-09-14'),
(144, 0, '2012-07-26'),
(145, 1, '2013-11-24'),
(146, 2, '2012-06-06'),
(147, 0, '2013-02-08'),
(148, 0, '2013-07-09'),
(149, 1, '2012-10-26'),
(150, 2, '2013-08-23'),
(151, 0, '2013-02-25'),
(152, 2, '2012-08-11'),
(153, 2, '2013-06-29'),
(154, 2, '2013-04-18'),
(155, 2, '2012-11-07'),
(156, 0, '2013-09-09'),
(157, 0, '2013-02-22'),
(158, 1, '2012-05-15'),
(159, 1, '2013-10-02'),
(160, 0, '2013-09-04'),
(161, 0, '2012-04-29'),
(162, 2, '2012-09-19'),
(163, 1, '2012-10-11'),
(164, 0, '2012-06-08'),
(165, 1, '2012-03-08'),
(166, 2, '2013-05-24'),
(167, 0, '2012-12-16'),
(168, 2, '2012-07-25'),
(169, 0, '2013-09-03'),
(170, 2, '2012-11-16'),
(171, 2, '2012-12-07'),
(172, 1, '2013-12-06'),
(173, 2, '2013-10-23'),
(174, 1, '2012-09-06'),
(175, 0, '2013-10-08'),
(176, 2, '2012-03-15'),
(177, 2, '2013-03-31'),
(178, 2, '2013-09-05'),
(179, 2, '2012-06-11');

-- --------------------------------------------------------

--
-- Table structure for table `user`
--

CREATE TABLE IF NOT EXISTS `user` (
  `username` varchar(50) CHARACTER SET utf8 NOT NULL,
  `password` varchar(50) CHARACTER SET utf8 NOT NULL,
  `privileged` int(11) NOT NULL,
  `MaNV` int(11) NOT NULL
) ENGINE=MyISAM DEFAULT CHARSET=latin1;

--
-- Dumping data for table `user`
--

INSERT INTO `user` (`username`, `password`, `privileged`, `MaNV`) VALUES
('chanhvanphong', '123456', 1, 1),
('tk_httt', '123456', 1, 2),
('pk_httt', '123456', 1, 3),
('admin', 'admin', 2, 0),
('tp_tchc', '123456', 1, 17);

-- --------------------------------------------------------

--
-- Table structure for table `ykiengiaiquyet`
--

CREATE TABLE IF NOT EXISTS `ykiengiaiquyet` (
  `mayk` int(11) NOT NULL AUTO_INCREMENT,
  `madk` int(11) NOT NULL,
  `noidung` varchar(250) CHARACTER SET utf8 NOT NULL,
  PRIMARY KEY (`mayk`)
) ENGINE=MyISAM  DEFAULT CHARSET=latin1 AUTO_INCREMENT=5 ;

--
-- Dumping data for table `ykiengiaiquyet`
--

INSERT INTO `ykiengiaiquyet` (`mayk`, `madk`, `noidung`) VALUES
(3, 8, 'Cần chỉnh thêm'),
(2, 8, 'Cần chỉnh sửa'),
(4, 37, 'Cần lập mục tiêu');

-- --------------------------------------------------------

--
-- Table structure for table `ykienphanhoi`
--

CREATE TABLE IF NOT EXISTS `ykienphanhoi` (
  `maph` int(11) NOT NULL AUTO_INCREMENT,
  `madk` int(11) NOT NULL,
  `noidung` varchar(250) CHARACTER SET utf8 NOT NULL,
  PRIMARY KEY (`maph`)
) ENGINE=MyISAM  DEFAULT CHARSET=latin1 AUTO_INCREMENT=3 ;

--
-- Dumping data for table `ykienphanhoi`
--

INSERT INTO `ykienphanhoi` (`maph`, `madk`, `noidung`) VALUES
(1, 8, 'Cần bổ sung'),
(2, 8, 'Không cần thêm');

/*!40101 SET CHARACTER_SET_CLIENT=@OLD_CHARACTER_SET_CLIENT */;
/*!40101 SET CHARACTER_SET_RESULTS=@OLD_CHARACTER_SET_RESULTS */;
/*!40101 SET COLLATION_CONNECTION=@OLD_COLLATION_CONNECTION */;
